id;login;password;email;token;created_at;deleted_at
1;up;cogitate whose;Garrick.Turner21@gmail.com;dinosaur tugboat until;2024-01-01T16:23:19;2024-01-02T01:39:30
2;editorialise wan;feisty;Gillian.Bradtke37@yahoo.com;unwritten very;2024-01-01T20:55:42;2024-01-01T04:25:21
3;doubtfully for;since;Jonas75@hotmail.com;whoa gee;2024-01-01T22:57:21;2024-01-01T08:11:28
4;harbor gentleman;peak;Virginie_Halvorson81@gmail.com;reappoint jumpy kitchen;2024-01-01T13:40:54;2024-01-01T21:11:18
5;helpless kindheartedly;arrogantly semantics;Astrid72@hotmail.com;summary;2024-01-01T11:35:34;2024-01-01T18:28:04
6;mmm below brother;violet selfishly ew;Paris_Steuber@gmail.com;finally accidentally;2024-01-01T08:09:11;2024-01-01T14:43:11
7;eek;coagulate before;Eriberto.Rippin20@hotmail.com;near eek drat;2024-01-01T19:16:58;2024-01-01T16:00:10
8;at calico algorithm;aha abaft;Sabina.Connelly72@gmail.com;until hm quizzically;2024-01-01T22:25:45;2024-01-01T09:09:33
9;gee healthily when;smoothly beyond rocket;Lawrence_Smith14@gmail.com;resect whoever waffle;2024-01-02T00:02:46;2024-01-01T17:59:50
10;rightfully at;cushion;Branson10@gmail.com;pickup;2024-01-01T04:01:52;2024-01-01T09:57:50
