id;content;created_at;deleted_at;deleted_by_author
1;towards only;2024-01-01T03:25:05;2024-01-01T12:30:05;false
2;arrogantly likewise;2024-01-01T11:59:26;2024-01-01T03:16:13;true
3;gas likewise;2024-01-01T11:17:46;2024-01-01T18:45:34;false
4;carburize statin;2024-01-01T06:26:29;2024-01-01T02:57:12;true
5;midst upbeat;2024-01-01T12:31:08;2024-01-01T15:36:46;false
6;bedevil which;2024-01-01T10:47:49;2024-01-01T19:42:02;true
7;rudely textual;2024-01-02T00:12:25;2024-01-01T11:07:51;false
8;helplessly swiftly;2024-01-01T11:48:22;2024-01-01T08:59:18;true
9;phooey;2024-01-01T09:43:26;2024-01-01T17:52:35;true
10;wish giant amid;2024-01-01T17:40:16;2024-01-01T22:46:51;true
