id;version;login;password;email;role;messages_read_at;reactions_read_at;last_activity;created_at;updated_at;deleted_at
1;10757;black ha bah;nor;Yesenia_Konopelski@gmail.com;ADMIN;2024-01-01T06:27:49;2024-01-01T09:42:45;2024-01-01T07:29:11;2024-01-01T05:11:40;2024-01-01T22:24:18;2024-01-01T10:20:26
2;12669;during daintily;before uh-huh blindside;Lexus.Kuhn84@gmail.com;VYKYUSER;2024-01-01T05:06:33;2024-01-01T09:49:06;2024-01-01T11:39:12;2024-01-02T01:38:19;2024-01-02T00:39:53;2024-01-01T15:29:31
3;10845;late helplessly;whether circa tame;Isabelle28@yahoo.com;POWER_VYKYUSER;2024-01-01T14:39:26;2024-01-01T10:08:53;2024-01-01T15:06:06;2024-01-01T08:15:59;2024-01-01T17:38:55;2024-01-01T18:27:28
4;20660;woot unto;boastfully about blackbird;Joannie.Kerluke-Ward@yahoo.com;ADMIN;2024-01-01T09:26:08;2024-01-01T11:51:15;2024-01-02T01:04:45;2024-01-01T12:03:27;2024-01-01T15:32:08;2024-01-01T20:51:31
5;24955;meh given;utterly secret regroup;Adolphus37@yahoo.com;POWER_VYKYUSER;2024-01-01T12:57:30;2024-01-01T20:44:26;2024-01-01T11:05:50;2024-01-02T00:14:31;2024-01-01T14:51:16;2024-01-01T23:44:00
6;23382;mechanically finally restfully;neutralise measly;Berta.Towne@gmail.com;POWER_VYKYUSER;2024-01-01T03:41:06;2024-01-01T02:17:30;2024-01-01T16:53:19;2024-01-01T14:31:58;2024-01-01T15:02:33;2024-01-01T11:13:49
7;20481;psst;down across;Dangelo79@gmail.com;POWER_VYKYUSER;2024-01-01T18:58:17;2024-01-01T17:03:44;2024-01-01T19:08:12;2024-01-01T06:15:57;2024-01-01T23:21:24;2024-01-01T05:55:44
8;6030;mmm;towards;Marco89@hotmail.com;READER;2024-01-01T22:42:53;2024-01-01T04:25:57;2024-01-01T15:38:27;2024-01-01T04:32:29;2024-01-01T20:12:53;2024-01-01T05:45:25
9;9338;amongst;boo nervous;Rosa_Cremin@hotmail.com;VYKYUSER;2024-01-01T22:01:09;2024-01-01T03:31:26;2024-01-01T11:32:32;2024-01-01T02:38:28;2024-01-01T13:45:23;2024-01-01T20:26:34
10;18957;beautiful willing ugh;save finally more;Felipe_Hammes@gmail.com;MODERATOR;2024-01-01T10:06:31;2024-01-01T10:58:52;2024-01-01T23:25:50;2024-01-01T06:01:20;2024-01-01T07:56:02;2024-01-01T17:50:13
